model,mae,perceptual_loss,runtime_sec
cnnupscaler,0.039559077471494675,0.6908387541770935,0.016271352767944336
espcn,0.04525456205010414,0.6963309645652771,0.014688253402709961
SRRN,0.04229218512773514,0.7174465656280518,0.06488227844238281
srgan,0.03890831395983696,0.7165746688842773,0.06501603126525879
